start,low_rsi_entry,tqqq_rebound_exit_pct,cagr,annualized_vol,max_drawdown,final_multiple,override_entries,override_exits,override_day_share,wait_exit_day_share
2010-02-12,30.0,0.0,1.0092372147976603,0.6403142713947022,-0.665327402800347,78161.35761147125,11,11,0.006635536986974687,0.002703366920619317
2010-02-12,30.0,0.5,1.0192023116267221,0.6405370131074183,-0.6653274028003466,84661.41179678502,11,11,0.006881297616121897,0.002703366920619317
2010-02-12,30.0,1.0,1.0268524017049248,0.6406425691592547,-0.6621446903430855,89991.86711328187,11,11,0.0071270582452691075,0.002703366920619317
2010-02-12,30.0,1.5,1.0268524017049248,0.6406425691592547,-0.6621446903430855,89991.86711328187,11,11,0.0071270582452691075,0.002703366920619317
2010-02-12,30.0,2.0,1.017218078000301,0.6408027744066598,-0.6621446903430858,83328.02408296388,10,10,0.007618579503563529,0.002457606291472106
2010-02-12,30.0,2.5,1.017218078000301,0.6408027744066598,-0.6621446903430858,83328.02408296388,10,10,0.007618579503563529,0.002457606291472106
2010-02-12,30.0,3.0,1.0287810423237547,0.6412423355492476,-0.6621446903430857,91384.54948162843,10,10,0.00811010076185795,0.002457606291472106
2010-02-12,30.0,3.5,1.0311227529900848,0.6413263637160542,-0.6621446903430857,93102.68914209648,10,10,0.008355861391005161,0.002457606291472106
2010-02-12,30.0,4.0,1.0311227529900848,0.6413263637160542,-0.6621446903430857,93102.68914209648,10,10,0.008355861391005161,0.002457606291472106
2010-02-12,30.0,4.5,1.0346444368074779,0.6418635105525294,-0.6621446903430857,95743.73265659042,10,10,0.010321946424182845,0.002457606291472106
2010-02-12,30.0,5.0,1.034363570539921,0.6420291685157279,-0.6621446903430857,95530.54866613272,10,10,0.010567707053330056,0.002457606291472106
2010-02-12,30.0,5.5,1.034363570539921,0.6420291685157279,-0.6621446903430857,95530.54866613272,10,10,0.010567707053330056,0.002457606291472106
2010-02-12,30.0,6.0,1.0263559423709814,0.6422433402857782,-0.6621446903430855,89636.60694446941,9,9,0.01204227082821332,0.0022118456623248955
2010-02-12,30.0,6.5,1.0263559423709814,0.6422433402857782,-0.6621446903430855,89636.60694446941,9,9,0.01204227082821332,0.0022118456623248955
2010-02-12,30.0,7.0,1.045371141757085,0.6423667867034976,-0.6621446903430859,104227.7175105483,9,9,0.012779552715654952,0.0022118456623248955
2010-02-12,30.0,7.5,0.9220287425706428,0.6530882259567828,-0.6992207718398021,38178.7059255367,7,7,0.05357581715409192,0.0017203244040304743
2010-02-12,30.0,8.0,0.9220287425706428,0.6530882259567828,-0.6992207718398021,38178.7059255367,7,7,0.05357581715409192,0.0017203244040304743
2010-02-12,30.0,8.5,0.9220287425706428,0.6530882259567828,-0.6992207718398021,38178.7059255367,7,7,0.05357581715409192,0.0017203244040304743
2010-02-12,30.0,9.0,0.9221745844994351,0.6529623766447572,-0.6992207718398022,38225.50965553801,7,7,0.054558859670680755,0.0017203244040304743
2010-02-12,30.0,9.5,0.9221745844994351,0.6529623766447572,-0.6992207718398022,38225.50965553801,7,7,0.054558859670680755,0.0017203244040304743
2010-02-12,30.0,10.0,0.940594398692183,0.6524968111023612,-0.6992207718398022,44589.490861196165,7,7,0.05505038092897518,0.0017203244040304743
2010-02-12,30.0,10.5,0.930233637506021,0.6524614780646314,-0.6992207718398022,40897.13247791691,7,7,0.0555419021872696,0.0017203244040304743
2010-02-12,30.0,11.0,0.930233637506021,0.6524614780646314,-0.6992207718398022,40897.13247791691,7,7,0.0555419021872696,0.0017203244040304743
2010-02-12,30.0,11.5,0.930233637506021,0.6524614780646314,-0.6992207718398022,40897.13247791691,7,7,0.0555419021872696,0.0017203244040304743
2010-02-12,30.0,12.0,0.9225281234986054,0.652605511477031,-0.6992207718398021,38339.191205384064,7,7,0.05775374784959449,0.0017203244040304743
2010-02-12,30.0,12.5,0.9183601844232985,0.6525543471246301,-0.6992207718398021,37018.921746989545,7,7,0.058491029737036127,0.0017203244040304743
2010-02-12,30.0,13.0,0.8611927220757207,0.6554017463419424,-0.6992207718398021,22712.960795936786,6,6,0.06537232735315802,0.0014745637748832638
2010-02-12,30.0,13.5,0.8579411801595203,0.6553393574582868,-0.6992207718398022,22080.662304662557,6,6,0.06561808798230523,0.0014745637748832638
2010-02-12,30.0,14.0,0.8579411801595203,0.6553393574582868,-0.6992207718398022,22080.662304662557,6,6,0.06561808798230523,0.0014745637748832638
2010-02-12,30.0,14.5,0.8610611113652435,0.6553330679445281,-0.6992207718398022,22687.041200312324,6,6,0.06905873679036618,0.0014745637748832638
2010-02-12,30.0,15.0,0.8655932476927051,0.6554110939429052,-0.6992207718398021,23595.771781323387,6,6,0.06930449741951339,0.0014745637748832638
2010-02-12,30.0,15.5,0.8655932476927051,0.6554110939429052,-0.6992207718398021,23595.771781323387,6,6,0.06930449741951339,0.0014745637748832638
2010-02-12,30.0,16.0,0.8804918547981424,0.6549606286281456,-0.6992207718398021,26829.54588304739,6,6,0.06955025804866061,0.0014745637748832638
2010-02-12,30.0,16.5,0.8804918547981424,0.6549606286281456,-0.6992207718398021,26829.54588304739,6,6,0.06955025804866061,0.0014745637748832638
2010-02-12,30.0,17.0,0.8956637857807896,0.6558999900420097,-0.6992207718398022,30546.63893216744,6,6,0.07225362496927992,0.0014745637748832638
2010-02-12,30.0,17.5,0.8956637857807896,0.6558999900420097,-0.6992207718398022,30546.63893216744,6,6,0.07225362496927992,0.0014745637748832638
2010-02-12,30.0,18.0,0.8911236184391083,0.6557326800569084,-0.6992207718398022,29386.52341145422,6,6,0.07323666748586877,0.0014745637748832638
2010-02-12,30.0,18.5,0.8910821976847185,0.6554590234484582,-0.6992207718398021,29376.132314287588,6,6,0.08773654460555419,0.0014745637748832638
2010-02-12,30.0,19.0,0.8925770648192699,0.6554506822026539,-0.6992207718398021,29753.335913704752,6,6,0.0879823052347014,0.0014745637748832638
2010-02-12,30.0,19.5,0.8981175561198083,0.655415195026412,-0.6992207718398021,31191.380588627555,6,6,0.08896534775129024,0.0014745637748832638
2010-02-12,30.0,20.0,0.8981175561198083,0.655415195026412,-0.6992207718398021,31191.380588627555,6,6,0.08896534775129024,0.0014745637748832638
2010-02-12,30.0,20.5,0.8968938023077475,0.6554256957937465,-0.6992207718398021,30868.253455538008,6,6,0.09486360285082329,0.0014745637748832638
2010-02-12,30.0,21.0,0.9000350977234384,0.6553716704116193,-0.6992207718398021,31704.08765156009,6,6,0.0970754485131482,0.0014745637748832638
2010-02-12,30.0,21.5,0.8336393710297003,0.6529055404033811,-0.7919146215329637,17851.88075392899,6,6,0.23912509216023592,0.0014745637748832638
2010-02-12,30.0,22.0,0.8273853983168906,0.6529839288513039,-0.7919146215329638,16893.736719423105,6,6,0.25583681494224625,0.0014745637748832638
2010-02-12,30.0,22.5,0.8303280003786473,0.6530262916899525,-0.7919146215329635,17338.38694836165,6,6,0.25608257557139347,0.0014745637748832638
2010-02-12,30.0,23.0,0.8303280003786473,0.6530262916899525,-0.7919146215329635,17338.38694836165,6,6,0.25608257557139347,0.0014745637748832638
2010-02-12,30.0,23.5,0.8216985696851504,0.6527402448221648,-0.7919146215329635,16064.560388457561,6,6,0.2575571393462767,0.0014745637748832638
2010-02-12,30.0,24.0,0.8214001598203418,0.6526988061740425,-0.7919146215329635,16022.122481755267,6,6,0.25780289997542394,0.0014745637748832638
2010-02-12,30.0,24.5,0.8210572083919012,0.6526377716702846,-0.7919146215329638,15973.480053438476,6,6,0.2582944212337184,0.0014745637748832638
2010-02-12,30.0,25.0,0.8221323123992739,0.6526455086281747,-0.7919146215329635,16126.432504462422,6,6,0.25878594249201275,0.0014745637748832638
2010-02-12,30.0,25.5,0.8221323123992739,0.6526455086281747,-0.7919146215329635,16126.432504462422,6,6,0.25878594249201275,0.0014745637748832638
2010-02-12,30.0,26.0,0.8158077487355313,0.6526944072615252,-0.7919146215329635,15245.998642825954,6,6,0.26026050626689606,0.0014745637748832638
2010-02-12,30.0,26.5,0.8251768470294234,0.6527343700932411,-0.7919146215329635,16567.05898825832,6,6,0.2605062668960433,0.0014745637748832638
2010-02-12,30.0,27.0,0.827505660400591,0.6527936584348012,-0.7919146215329638,16911.697612038133,6,6,0.2639469157041042,0.0014745637748832638
2010-02-12,30.0,27.5,0.827505660400591,0.6527936584348012,-0.7919146215329638,16911.697612038133,6,6,0.2639469157041042,0.0014745637748832638
2010-02-12,30.0,28.0,0.8264760606802035,0.6527751341772001,-0.7919146215329635,16758.50706543355,6,6,0.2654214794789875,0.0014745637748832638
2010-02-12,30.0,28.5,0.831519578944321,0.6526857420560507,-0.7919146215329638,17521.547589175825,6,6,0.2661587613664291,0.0014745637748832638
2010-02-12,30.0,29.0,0.831519578944321,0.6526857420560507,-0.7919146215329638,17521.547589175825,6,6,0.2661587613664291,0.0014745637748832638
2010-02-12,30.0,29.5,0.8257090737696899,0.6525748005632662,-0.7919146215329638,16645.23682977783,6,6,0.26910788891619564,0.0014745637748832638
2010-02-12,30.0,30.0,0.8336081444396166,0.6526728751097262,-0.7919146215329638,17846.972514370747,6,6,0.2695994101744901,0.0014745637748832638
2010-02-12,30.0,30.5,0.8381288094685155,0.6527690204549922,-0.7919146215329635,18570.866722990555,6,6,0.26984517080363724,0.0014745637748832638
2010-02-12,30.0,31.0,0.8385715465424832,0.6527715759937618,-0.7919146215329635,18643.223908923326,6,6,0.27033669206193167,0.0014745637748832638
2010-02-12,30.0,31.5,0.8385715465424832,0.6527715759937618,-0.7919146215329635,18643.223908923326,6,6,0.27033669206193167,0.0014745637748832638
2010-02-12,30.0,32.0,0.841626457984306,0.6528004394695313,-0.7919146215329638,19149.7475521174,6,6,0.2705824526910789,0.0014745637748832638
2010-02-12,30.0,32.5,0.841626457984306,0.6528004394695313,-0.7919146215329638,19149.7475521174,6,6,0.2705824526910789,0.0014745637748832638
2010-02-12,30.0,33.0,0.841626457984306,0.6528004394695313,-0.7919146215329638,19149.7475521174,6,6,0.2705824526910789,0.0014745637748832638
2010-02-12,30.0,33.5,0.8386432380898119,0.6527587528382122,-0.7919146215329633,18654.965415892693,6,6,0.2718112558368149,0.0014745637748832638
2010-02-12,30.0,34.0,0.8350040127670662,0.6527580046859078,-0.7919146215329633,18067.618118080645,6,6,0.27205701646596214,0.0014745637748832638
2010-02-12,30.0,34.5,0.8375470587797731,0.6529183962208391,-0.7919146215329635,18476.190782980215,6,6,0.2735315802408454,0.0014745637748832638
2010-02-12,30.0,35.0,0.8383296568703249,0.6529571476609219,-0.7919146215329637,18603.658807537624,6,6,0.27525190464487587,0.0014745637748832638
2010-02-12,30.0,35.5,0.8352317999112242,0.6528644136552456,-0.7919146215329638,18103.866496213213,6,6,0.2757434259031703,0.0014745637748832638
2010-02-12,30.0,36.0,0.8274035351684816,0.6526140931804515,-0.7919146215329639,16896.44427427861,6,6,0.27623494716146474,0.0014745637748832638
2010-02-12,30.0,36.5,0.7903294493143245,0.6508769563770914,-0.7919146215329632,12135.684275487678,6,6,0.27869255345293686,0.0014745637748832638
2010-02-12,30.0,37.0,0.7903294493143245,0.6508769563770914,-0.7919146215329632,12135.684275487678,6,6,0.27869255345293686,0.0014745637748832638
2010-02-12,30.0,37.5,0.7945264286111529,0.6509108950890956,-0.7919146215329635,12603.29286986249,6,6,0.27942983534037846,0.0014745637748832638
2010-02-12,30.0,38.0,0.7973780232595389,0.6509067792750661,-0.7919146215329634,12930.590864937967,6,6,0.2796755959695257,0.0014745637748832638
2010-02-12,30.0,38.5,0.7973780232595389,0.6509067792750661,-0.7919146215329634,12930.590864937967,6,6,0.2796755959695257,0.0014745637748832638
2010-02-12,30.0,39.0,0.7973780232595389,0.6509067792750661,-0.7919146215329634,12930.590864937967,6,6,0.2796755959695257,0.0014745637748832638
2010-02-12,30.0,39.5,0.8015255644567065,0.650966902604914,-0.7919146215329638,13420.891855286342,6,6,0.2801671172278201,0.0014745637748832638
2010-02-12,30.0,40.0,0.8015255644567065,0.650966902604914,-0.7919146215329638,13420.891855286342,6,6,0.2801671172278201,0.0014745637748832638
2010-02-12,30.0,40.5,0.8162366824540697,0.6508497682106629,-0.7919146215329638,15304.254617722932,6,6,0.2818874416318506,0.0014745637748832638
2010-02-12,30.0,41.0,0.8264836750621642,0.6503875865698316,-0.7919146215329632,16759.63518949436,6,6,0.2821332022609978,0.0014745637748832638
2010-02-12,30.0,41.5,0.8303970550016648,0.6503261093218365,-0.7919146215329632,17348.952295487994,6,6,0.282378962890145,0.0014745637748832638
2010-02-12,30.0,42.0,0.8352387549032982,0.650399849448877,-0.7919146215329635,18104.97433525364,6,6,0.2828704841484394,0.0014745637748832638
2010-02-12,30.0,42.5,0.8316853549035361,0.6502414284659259,-0.7919146215329635,17547.172792817357,6,6,0.2831162447775866,0.0014745637748832638
2010-02-12,30.0,43.0,0.8316853549035361,0.6502414284659259,-0.7919146215329635,17547.172792817357,6,6,0.2831162447775866,0.0014745637748832638
2010-02-12,30.0,43.5,0.826461095391398,0.6503519503149524,-0.7919146215329638,16756.29006057489,6,6,0.28336200540673384,0.0014745637748832638
2010-02-12,30.0,44.0,0.821823531197406,0.6499695759106535,-0.7919146215329637,16082.36290437976,6,6,0.28532809043991153,0.0014745637748832638
2010-02-12,30.0,44.5,0.8394787537893198,0.6496220555098123,-0.7919146215329633,18792.317104065794,6,6,0.2860653723273532,0.0014745637748832638
2010-02-12,30.0,45.0,0.8394787537893198,0.6496220555098123,-0.7919146215329633,18792.317104065794,6,6,0.2860653723273532,0.0014745637748832638
2010-02-12,30.0,45.5,0.8394787537893198,0.6496220555098123,-0.7919146215329633,18792.317104065794,6,6,0.2860653723273532,0.0014745637748832638
2010-02-12,30.0,46.0,0.8394787537893198,0.6496220555098123,-0.7919146215329633,18792.317104065794,6,6,0.2860653723273532,0.0014745637748832638
2010-02-12,30.0,46.5,0.8423302314101835,0.6495165686553555,-0.7919146215329634,19268.253155380327,6,6,0.28753993610223644,0.0014745637748832638
2010-02-12,30.0,47.0,0.8423302314101835,0.6495165686553555,-0.7919146215329634,19268.253155380327,6,6,0.28753993610223644,0.0014745637748832638
2010-02-12,30.0,47.5,0.8423302314101835,0.6495165686553555,-0.7919146215329634,19268.253155380327,6,6,0.28753993610223644,0.0014745637748832638
2010-02-12,30.0,48.0,0.8481141515644244,0.6495954072319458,-0.7919146215329634,20268.576194161134,6,6,0.2958957974932416,0.0014745637748832638
2010-02-12,30.0,48.5,0.8405786774104624,0.6493875519906217,-0.7919146215329637,18974.582007903682,6,6,0.29786188252641926,0.0014745637748832638
2010-02-12,30.0,49.0,0.8387634264652026,0.6493768725108577,-0.7919146215329635,18674.66520638557,6,6,0.2983534037847137,0.0014745637748832638
2010-02-12,30.0,49.5,0.8312047747975577,0.6495667026661138,-0.791914621532964,17472.982605496505,6,6,0.2990906856721553,0.0014745637748832638
2010-02-12,30.0,50.0,0.8480480329241153,0.6495402447239258,-0.7919146215329639,20256.870751420985,6,6,0.30007372818874417,0.0014745637748832638
